影片中文名,影片外国名,评分,评价数,概况,导演,主演,年份,地区,类别
肖申克的救赎,The Shawshank Redemption,9.6,753242,希望让人自由,导演:弗兰克·德拉邦特 Frank Darabont,主演:蒂姆·罗宾斯 Tim Robbins /,1994,美国,犯罪 剧情
这个杀手不太冷,Léon,9.4,724329,怪蜀黍和小萝莉不得不说的故事,导演:吕克·贝松 Luc Besson,主演:让·雷诺 Jean Reno / 娜塔丽·波特曼 ,1994,法国,剧情 动作 犯罪
霸王别姬, ,9.5,530276,风华绝代,导演:陈凯歌 Kaige Chen,主演:张国荣 Leslie Cheung / 张丰毅 Fengyi Zha,1993,中国大陆 香港,剧情 爱情 同性
阿甘正传,Forrest Gump,9.4,627821,一部美国近现代史,导演:Robert Zemeckis,主演:Tom Hanks / Robin Wright Penn / Gary Sinise,1994,美国,剧情 爱情
美丽人生,La vita è bella,9.5,360780,最美的谎言,导演:罗伯托·贝尼尼 Roberto Benigni,主演:罗伯托·贝尼尼 Roberto Beni,1997,意大利,剧情 喜剧 爱情
千与千寻,千と千尋の神隠し,9.2,578979,最好的宫崎骏，最好的久石让,导演:宫崎骏 Hayao Miyazaki,主演:柊瑠美 Rumi Hragi / 入野自由 Miy,2001,日本,剧情 动画 奇幻
辛德勒的名单,Schindler's List,9.4,333931,拯救一个人，就是拯救整个世界,导演:史蒂文·斯皮尔伯格 Steven Spielberg,主演:连姆·尼森 Liam Neeson,1993,美国,剧情 历史 战争
泰坦尼克号,Titanic,9.2,577251,失去的才是永恒的,导演:詹姆斯·卡梅隆 James Cameron,主演:莱昂纳多·迪卡普里奥 Leonardo,1997,美国,剧情 爱情 灾难
海上钢琴师,La leggenda del pianista sull'oceano,9.2,538257,每个人都要走一条自己坚定了的路，就算是粉身碎骨,导演:朱塞佩·托纳多雷 Giuseppe Tornatore,主演:蒂姆·罗斯 Tim Roth / ,1998,意大利,剧情 音乐
盗梦空间,Inception,9.2,686534,诺兰给了我们一场无法盗取的梦,导演:克里斯托弗·诺兰 Christopher Nolan,主演:莱昂纳多·迪卡普里奥 Le,2010,美国 英国,剧情 动作 科幻 悬疑 冒险
机器人总动员,WALL·E,9.3,451594,小瓦力，大人生,导演:安德鲁·斯坦顿 Andrew Stanton,主演:本·贝尔特 Ben Burtt / 艾丽,2008,美国,喜剧 爱情 科幻 动画 冒险
三傻大闹宝莱坞,3 Idiots,9.1,591440,英俊版憨豆，高情商版谢耳朵,导演:拉库马·希拉尼 Rajkumar Hirani,主演:阿米尔·汗 Aamir Khan / 卡,2009,印度,剧情 喜剧 爱情 歌舞
放牛班的春天,Les choristes,9.2,400439,天籁一般的童声，是最接近上帝的存在,导演:克里斯托夫·巴拉蒂 Christophe Barratier,主演:杰拉尔·朱诺 Géra,2004,法国 瑞士 德国,剧情 音乐
忠犬八公的故事,Hachi: A Dog's Tale,9.2,388117,永远都不能忘记你所爱的人,导演:莱塞·霍尔斯道姆 Lasse Hallstrm,主演:理查·基尔 Richard Ger,2009,美国 英国,剧情
大话西游之大圣娶亲,西遊記大結局之仙履奇緣,9.1,400898,一生所爱,导演:刘镇伟 Jeffrey Lau,主演:周星驰 Stephen Chow / 吴孟达 Man Tat Ng,1995,香港 中国大陆,动作 冒险 喜剧 奇幻 爱情
龙猫,となりのトトロ,9.1,373065,人人心中都有个龙猫，童年就永远不会消失,导演:宫崎骏 Hayao Miyazaki,主演:日高法子 Noriko Hidaka / 坂本千夏 Ch,1988,日本,动画 奇幻
教父,The Godfather,9.2,305872,千万不要记恨你的对手，这样会让你失去理智,导演:弗朗西斯·福特·科波拉 Francis Ford Coppola,主演:马龙·白兰度 M,1972,美国,剧情 犯罪
乱世佳人,Gone with the Wind,9.2,242224,Tomorrow is another day.,导演:Victor Fleming / George Cukor,主演:克拉克·盖博 Clark Gable / ,1939,美国,剧情 爱情 战争
楚门的世界,The Truman Show,9.0,388940,如果再也不能见到你，祝你早安，午安，晚安,导演:彼得·威尔 Peter Weir,主演:金·凯瑞 Jim Carrey / 劳拉·琳妮 Lau,1998,美国,剧情
天堂电影院,Nuovo Cinema Paradiso,9.1,279078,那些吻戏，那些青春，都在影院的黑暗里被泪水冲刷得无比清晰,导演:朱塞佩·托纳多雷 Giuseppe Tornatore,主演:安东娜拉·塔莉 Antonel,1988,意大利 法国,剧情 爱情
当幸福来敲门,The Pursuit of Happyness,8.9,482524,平民励志片,导演:加布里尔·穆奇诺 Gabriele Muccino,主演:威尔·史密斯 Will Smith ,2006,美国,剧情 传记 家庭
搏击俱乐部,Fight Club,9.0,374396,邪恶与平庸蛰伏于同一个母体，在特定的时间互相对峙,导演:大卫·芬奇 David Fincher,主演:爱德华·诺顿 Edward Norton / 布拉,1999,美国 德国,剧情 动作 悬疑 惊悚
触不可及,Intouchables,9.1,323180,满满温情的高雅喜剧,导演:奥利维·那卡什 Olivier Nakache / 艾力克·托兰达 Eric Toledano,主,2011,法国,剧情 喜剧
指环王3：王者无敌,The Lord of the Rings: The Return of the King,9.1,257480,史诗的终章,导演:彼得·杰克逊 Peter Jackson,主演:维果·莫腾森 Viggo Mortensen / ,2003,美国 新西兰,剧情 动作 奇幻 冒险
十二怒汉,12 Angry Men,9.3,149690,1957年的理想主义,导演:Sidney Lumet,主演:亨利·方达 Henry Fonda / 马丁·鲍尔萨姆 Marti,1957,美国,剧情
罗马假日,Roman Holiday,8.9,345094,爱情哪怕只有一天,导演:威廉·惠勒 William Wyler,主演:奥黛丽·赫本 Audrey Hepburn / 格,1953,美国,喜剧 剧情 爱情
无间道,無間道,8.9,347751,香港电影史上永不过时的杰作,导演:刘伟强 / 麦兆辉,主演:刘德华 / 梁朝伟 / 黄秋生,2002,香港,犯罪 悬疑 惊悚
怦然心动,Flipped,8.9,471214,真正的幸福是来自内心深处,导演:罗伯·莱纳 Rob Reiner,主演:玛德琳·卡罗尔 Madeline Carroll / 卡,2010,美国,剧情 喜剧 爱情
天空之城,天空の城ラピュタ,9.0,294402,对天空的追逐，永不停止,导演:宫崎骏 Hayao Miyazaki,主演:田中真弓 Mayumi Tanaka / 鹫尾真知子 ,1986,日本,动画 奇幻 冒险
熔炉,도가니,9.1,200367,我们一路奋战不是为了改变世界，而是为了不让世界改变我们,导演:黄东赫 Dong-hyuk Hwang,主演:孔侑 Yoo Gong / 郑有美 Yu-mi Jeong ,2011,韩国,剧情
两杆大烟枪,"Lock, Stock and Two Smoking Barrels",9.0,247769,4个臭皮匠顶个诸葛亮，盖·里奇果然不是盖的,导演:Guy Ritchie,主演:Jason Flemyng / Dexter Fletcher / Nick Moran,1998,英国,剧情 喜剧 犯罪
大话西游之月光宝盒,西遊記第壹佰零壹回之月光寶盒,8.9,346166,旷古烁今,导演:刘镇伟 Jeffrey Lau,主演:周星驰 Stephen Chow / 吴孟达 Man Tat Ng,1995,香港 中国大陆,喜剧 动作 爱情 奇幻 冒险 古装
少年派的奇幻漂流,Life of Pi,9.0,524937,瑰丽壮观、无人能及的冒险之旅,导演:李安 Ang Lee,主演:苏拉·沙玛 Suraj Sharma / 拉菲·斯波 Rafe Spa,2012,美国 台湾 英国 加拿大,剧情 奇幻 冒险
飞屋环游记,Up,8.9,452769,最后那些最无聊的事情，才是最值得怀念的,导演:彼特·道格特 Pete Docter,主演:爱德华·阿斯纳 Edward Asner / 克,2009,美国,剧情 喜剧 动画 奇幻 冒险
鬼子来了, ,9.1,197774,对敌人的仁慈，就是对自己残忍,导演:姜文 Wen Jiang,主演:姜文 Wen Jiang / 香川照之 Teruyuki Kagawa /,2000,中国大陆,剧情 战争
飞越疯人院,One Flew Over the Cuckoo's Nest,9.0,249812,自由万岁,导演:米洛斯·福尔曼 Milo Forman,主演:杰克·尼科尔森 Jack Nichols,1975,美国,剧情
蝙蝠侠：黑暗骑士,The Dark Knight,9.0,278612,无尽的黑暗,导演:克里斯托弗·诺兰 Christopher Nolan,主演:克里斯蒂安·贝尔 Christ,2008,美国 英国,剧情 动作 科幻 犯罪 惊悚
窃听风暴,Das Leben der Anderen,9.1,193925,别样人生,导演:弗洛里安·亨克尔·冯·多纳斯马 Florian Henckel von Donnersmarck, ,2006,德国,剧情 悬疑
海豚湾,The Cove,9.3,167488,海豚的微笑，是世界上最高明的伪装,导演:Louie Psihoyos,主演:John Chisholm / Mandy-Rae Cruikshank / Char,2009,美国,纪录片
活着, ,9.0,225956,张艺谋最好的电影,导演:张艺谋 Yimou Zhang,主演:葛优 You Ge / 巩俐 Li Gong / 姜武 Wu Jiang,1994,中国大陆 香港,剧情 家庭
V字仇杀队,V for Vendetta,8.8,364593,一张面具背后的理想与革命,导演:詹姆斯·麦克特格 James McTeigue,主演:娜塔丽·波曼 Natalie Portm,2005,美国 英国 德国,剧情 动作 科幻 惊悚
闻香识女人,Scent of a Woman,8.9,283673,史上最美的探戈,导演:马丁·布莱斯 Martin Brest,主演:阿尔·帕西诺 Al Pacino / 克里斯,1992,美国,剧情
星际穿越,Interstellar,9.1,421073,爱是一种力量，让我们超越时空感知它的存在,导演:克里斯托弗·诺兰 Christopher Nolan,主演:马修·麦康纳 Matthew Mc,2014,美国 英国 加拿大,剧情 科幻 悬疑 冒险 家庭
美丽心灵,A Beautiful Mind,8.9,273350,爱是一切逻辑和原由,导演:朗·霍华德 Ron Howard,主演:罗素·克劳 Russell Crowe / 詹妮弗·,2001,美国,传记 剧情
教父2,The Godfather: Part Ⅱ,9.1,165200,优雅的孤独,导演:弗朗西斯·福特·科波拉 Francis Ford Coppola,主演:阿尔·帕西诺 A,1974,美国,剧情 犯罪
天使爱美丽,Le fabuleux destin d'Amélie Poulain,8.7,438214,法式小清新,导演:Jean-Pierre Jeunet,主演:奥黛丽·塔图 Audrey Tautou / 马修·卡索,2001,法国 德国,喜剧 爱情
指环王2：双塔奇兵,The Lord of the Rings: The Two Towers,8.9,244311,承前启后的史诗篇章,导演:彼得·杰克逊 Peter Jackson,主演:伊利亚·伍德 Elijah Wood / 西恩,2002,美国 新西兰,剧情 动作 奇幻 冒险
指环王1：魔戒再现,The Lord of the Rings: The Fellowship of the Ring,8.9,272403,传说的开始,导演:彼得·杰克逊 Peter Jackson,主演:伊利亚·伍德 Elijah Wood / 西恩,2001,新西兰 美国,剧情 动作 奇幻 冒险
哈尔的移动城堡,ハウルの動く城,8.8,304191,带着心爱的人在天空飞翔,导演:宫崎骏 Hayao Miyazaki,主演:倍赏千惠子 Chieko Baish / 木村拓,2004,日本,爱情 动画 奇幻 冒险
情书,Love Letter,8.8,326604,暗恋的极致,导演:岩井俊二 Shunji Iwai,主演:中山美穗 Miho Nakayama / 丰川悦司 Ets,1995,日本,剧情 爱情
死亡诗社,Dead Poets Society,8.9,241592,当一个死水般的体制内出现一个活跃的变数时，所有的腐臭都站在了光明的对面,导演:彼得·威尔 Peter Weir,主演:罗宾·威廉姆斯 Robin Williams / 罗伯,1989,美国,剧情
美国往事,Once Upon a Time in America,9.1,154064,往事如烟，无处祭奠,导演:Sergio Leone,主演:罗伯特·德尼罗 Robert De Niro / 詹姆斯·伍兹 ,1984,意大利 美国,犯罪 剧情
七宗罪,Se7en,8.7,393992,警察抓小偷，老鼠玩死猫,导演:大卫·芬奇 David Fincher,主演:摩根·弗里曼 Morgan Freeman / 布,1995,美国,剧情 犯罪 悬疑 惊悚
钢琴家,The Pianist,9.0,180352,音乐能化解仇恨,导演:罗曼·波兰斯基 Roman Polanski,主演:艾德里安·布洛迪 Adrien Brod,2002,法国 德国 英国 波兰,剧情 传记 历史 战争
勇敢的心,Braveheart,8.8,268592,史诗大片的典范,导演:梅尔·吉布森 Mel Gibson,主演:梅尔·吉布森 Mel Gibson / 苏菲·玛,1995,美国,动作 传记 剧情 历史 战争
狮子王,The Lion King,8.9,250810,动物版《哈姆雷特》,导演:Roger Allers / 罗伯·明可夫 Rob Minkoff,主演:乔纳森·泰勒·托马,1994,美国,剧情 动画 冒险 歌舞 家庭
剪刀手爱德华,Edward Scissorhands,8.7,434757,浪漫忧郁的成人童话,导演:Tim Burton,主演:约翰尼·德普 Johnny Depp / 薇诺娜·瑞德 Winona ,1990,美国,剧情 奇幻 爱情
致命魔术,The Prestige,8.8,301110,孪生蝙蝠侠大战克隆金刚狼,导演:克里斯托弗·诺兰 Christopher Nolan,主演:克里斯蒂安·贝尔 Christ,2006,美国 英国,剧情 悬疑 惊悚
被嫌弃的松子的一生,嫌われ松子の一生,8.9,233501,以戏谑来戏谑戏谑,导演:中岛哲也 Tetsuya Nakashima,主演:中谷美纪 Miki Nakatani / 瑛太 E,2006,日本,剧情 歌舞
音乐之声,The Sound of Music,8.9,207290,用音乐化解仇恨，让歌声串起美好,导演:Robert Wise,主演:朱丽·安德鲁斯 Julie Andrews / 克里斯托弗·普,1965,美国,剧情 爱情 歌舞 家庭 传记
小鞋子,بچههای آسمان,9.1,117665,奔跑的孩子是天使,导演:马基德·马基迪 Majid Majidi,主演:Amir Farrokh Hashemian / 默罕,1999,伊朗,剧情 家庭 儿童
辩护人,변호인,9.1,163614,电影的现实意义大过电影本身,导演:杨宇硕 Woo-seok Yang,主演:宋康昊 Kang-ho Song / 吴达洙 Dal-su O,2013,韩国,剧情
低俗小说,Pulp Fiction,8.7,291602,故事的高级讲法,导演:昆汀·塔伦蒂诺 Quentin Tarantino,主演:约翰·特拉沃尔塔 John Tra,1994,美国,剧情 喜剧 犯罪
入殓师,おくりびと,8.8,290107,死可能是一道门，逝去并不是终结，而是超越，走向下一程,导演:泷田洋二郎 Yjir Takita,主演:本木雅弘 Masahiro Motoki / ,2008,日本,剧情
饮食男女,飲食男女,9.0,157058,人生不能像做菜，把所有的料都准备好了才下锅,导演:李安 Ang Lee,主演:吴倩莲 Chien-lien Wu / 杨贵媚 Kuei-Mei Yang /,1994,台湾 美国,剧情 家庭
蝴蝶效应,The Butterfly Effect,8.7,342496,人的命运被自己瞬间的抉择改变,导演:埃里克·布雷斯 Eric Bress / J·麦基·格鲁伯 J Mackye Gruber,主,2004,美国 加拿大,剧情 悬疑 科幻 惊悚
沉默的羔羊,The Silence of the Lambs,8.7,309770,安东尼·霍普金斯的顶级表演,导演:Jonathan Demme,主演:Jodie Foster / Anthony Hopkins / Scott Glenn,1991,美国,剧情 犯罪 惊悚
本杰明·巴顿奇事,The Curious Case of Benjamin Button,8.7,354184,在时间之河里感受溺水之苦,导演:大卫·芬奇 David Fincher,主演:凯特·布兰切特 Cate Blanchett / ,2008,美国,剧情 爱情 奇幻
玛丽和马克思,Mary and Max,8.9,215161,你是我最好的朋友，你是我唯一的朋友,导演:Adam Elliot,主演:托妮·科莱特 Toni Collette / 菲利普·塞默·霍,2009,澳大利亚,剧情 爱情 动画
黑客帝国,The Matrix,8.8,246025,视觉革命,导演:安迪·沃卓斯基 Andy Wachowski / 拉娜·沃卓斯基 Lana Wachowski,主,1999,美国 澳大利亚,动作 科幻
控方证人,Witness for the Prosecution,9.5,58733,比利·怀德满分作品,导演:比利·怀尔德 Billy Wilder,主演:查尔斯·劳顿 Charles Laughton / ,1957,美国,剧情 犯罪 悬疑
拯救大兵瑞恩,Saving Private Ryan,8.8,203141,美利坚精神输出大片No1.,导演:史蒂文·斯皮尔伯格 Steven Spielberg,主演:汤姆·汉克斯 Tom Hanks,1998,美国,剧情 历史 战争
西西里的美丽传说,Malèna,8.7,298469,美丽无罪,导演:朱塞佩·托纳多雷 Giuseppe Tornatore,主演:莫妮卡·贝鲁奇 Monica ,2000,意大利 美国,剧情 战争 情色
幽灵公主,もののけ姫,8.8,206984,人与自然的战争史诗,导演:宫崎骏,主演:松田洋治 / 石田百合子 / 田中裕子,1997,日本,动画 冒险 奇幻
心灵捕手,Good Will Hunting,8.7,232949,人生中应该拥有这样的一段豁然开朗,导演:格斯·范·桑特 Gus Van Sant,主演:马特·达蒙 Matt Damon / 罗宾·,1997,美国,剧情
第六感,The Sixth Sense,8.8,204999,深入内心的恐怖，出人意料的结局,导演:M·奈特·沙马兰 M Night Shyamalan,主演:布鲁斯·威利斯 Bruce Wi,1999,美国,剧情 悬疑 恐怖
阳光灿烂的日子, ,8.7,237635,一场华丽的意淫,导演:姜文 Wen Jiang,主演:夏雨 Yu Xia / 宁静 Jing Ning / 陶虹 Hong Tao,1994,中国大陆 香港,剧情
大鱼,Big Fish,8.7,221569,抱着梦想而活着的人是幸福的，怀抱梦想而死去的人是不朽的,导演:Tim Burton,主演:Ewan McGregor / Albert Finney / Billy Crudup,2003,美国,剧情 家庭 奇幻 冒险
让子弹飞, ,8.7,563275,你给我翻译翻译，神马叫做TMD的惊喜,导演:姜文 Wen Jiang,主演:姜文 Wen Jiang / 葛优 You Ge / 周润发 Yun-F,2010,中国大陆 香港,剧情 喜剧 动作 西部
射雕英雄传之东成西就,射鵰英雄傳之東成西就,8.7,241064,百看不厌,导演:刘镇伟 Jeffrey Lau,主演:梁朝伟 Tony Leung Chiu Wai / 林青霞 Bri,1993,香港,喜剧 古装
素媛,소원,9.1,139283,受过伤害的人总是笑得最开心，因为他们不愿意让身边的人承受一样的痛苦,导演:李濬益 Jun-ik Lee,主演:薛景求 Kyung-gu Sol / 严志媛 Ji-won Uhm ,2013,韩国,剧情 家庭
阳光姐妹淘,써니,8.8,235482,再多各自牛逼的时光，也比不上一起傻逼的岁月,导演:姜炯哲 Hyeong-Cheol Kang,主演:沈恩京 Eun-kyung Shim / 闵孝琳 Hy,2011,韩国,剧情 喜剧
大闹天宫, ,9.2,82775,经典之作，历久弥新,导演:万籁鸣 Laiming Wan / 唐澄 Cheng  Tang,主演:邱岳峰 Yuefeng Qiu /,1961(上集) / 1964(下集) / 1978(全本) / 2004(纪念版),中国大陆,动画 奇幻
上帝之城,Cidade de Deus,8.9,141589,被上帝抛弃了的上帝之城,导演:Kátia Lund / Fernando Meirelles,主演:Alexandre Rodrigues / Lea,2002,巴西 法国,犯罪 剧情
春光乍泄,春光乍洩,8.7,205849,爱情纠缠，男女一致,导演:王家卫,主演:张国荣 / 梁朝伟 / 张震,1997,香港 日本 韩国,剧情 爱情 同性
重庆森林,重慶森林,8.6,277021,寂寞没有期限,导演:王家卫 Kar Wai Wong,主演:林青霞 Brigitte Lin / 金城武 Takeshi K,1994,香港,剧情 爱情
禁闭岛,Shutter Island,8.6,312706,昔日翩翩少年，今日大腹便便,导演:Martin Scorsese,主演:莱昂纳多·迪卡普里奥 Leonardo DiCaprio / ,2010,美国,剧情 悬疑 惊悚
甜蜜蜜, ,8.7,203508,逢只要一瞬间，等待却像是一辈子,导演:陈可辛 Peter Chan,主演:黎明 Leon Lai / 张曼玉 Maggie Cheung / ,1996,香港,剧情 爱情
致命ID,Identity,8.6,274503,最不可能的那个人永远是最可能的,导演:James Mangold,主演:John Cusack / Ray Liotta / Amanda Peet,2003,美国,剧情 悬疑 惊悚
告白, ,8.6,296924,没有一人完全善，也没有一人完全恶,导演:中岛哲也 Tetsuya Nakashima,主演:松隆子 Takako Matsu / 冈田将生 ,2010,日本,剧情 惊悚
萤火虫之墓,火垂るの墓,8.7,181565,幸福是生生不息，却难以触及的远,导演:高畑勋 Isao Takahata,主演:辰己努 / 白石绫乃 / 志乃原良子,1988,日本,动画 剧情 战争
一一, ,8.9,133923,我们都曾经是一一,导演:杨德昌,主演:吴念真 / 李凯莉 Kelly Lee / 金燕玲 Elaine Jin,2000,台湾 日本,剧情 爱情 家庭
加勒比海盗,Pirates of the Caribbean: The Curse of the Black Pearl,8.6,292612,约翰尼·德普的独角戏,导演:戈尔·维宾斯基 Gore Verbinski,主演:约翰尼·德普 Johnny Depp / ,2003,美国,动作 冒险 奇幻
爱在黎明破晓前,Before Sunrise,8.7,188953,缘分是个连绵词，最美不过一瞬,导演:理查德·林克莱特 Richard Linklater,主演:伊桑·霍克 Ethan Hawke ,1995,美国 奥地利 瑞士,剧情 爱情
风之谷,風の谷のナウシカ,8.8,154946,动画片的圣经,导演:宫崎骏 Hayao Miyazaki,主演:岛本须美 Sumi Shimamoto / 京田尚子 H,1984,日本,科幻 动画 奇幻 冒险
阿凡达,Avatar,8.6,476504,绝对意义上的美轮美奂,导演:詹姆斯·卡梅隆 James Cameron,主演:萨姆·沃辛顿 Sam Worthington ,2009,美国 英国,动作 冒险 奇幻 科幻
爱在日落黄昏时,Before Sunset,8.7,174912,九年后的重逢是世俗和责任的交叠，没了悸动和青涩，沧桑而温暖,导演:理查德·林克莱特 Richard Linklater,主演:伊桑·霍克 Ethan Hawke ,2004,美国,剧情 爱情
侧耳倾听,耳をすませば,8.8,145067,少女情怀总是诗,导演:近藤喜文 Yoshifumi Kondo,主演:本名阳子 Youko Honna / 小林桂树 K,1995,日本,剧情 爱情 动画 音乐
断背山,Brokeback Mountain,8.5,280723,每个人心中都有一座断背山,导演:李安 Ang Lee,主演:希斯·莱杰 Heath Ledger / 杰克·吉伦哈尔 Jake,2005,美国 加拿大,剧情 爱情 同性 家庭
驯龙高手,How to Train Your Dragon,8.7,252130,和谐的生活离不开摸头与被摸头,导演:迪恩·德布洛斯 Dean DeBlois / 克里斯·桑德斯 Chris Sanders,主演:,2010,美国,喜剧 动画 奇幻 冒险 家庭
布达佩斯大饭店,The Grand Budapest Hotel,8.7,259155,小清新的故事里注入了大历史的情怀,导演:韦斯·安德森 Wes Anderson,主演:拉尔夫·费因斯 Ralph Fiennes / ,2014,美国 德国 英国,剧情 喜剧
猫鼠游戏,Catch Me If You Can,8.7,184426,骗子大师和执著警探的你追我跑故事,导演:史蒂文·斯皮尔伯格 Steven Spielberg,主演:莱昂纳多·迪卡普里奥 L,2002,美国 加拿大,传记 犯罪 剧情
海洋,Océans,9.0,91333,大海啊，不全是水,导演:雅克·贝汉 Jacques Perrin / 雅克·克鲁奥德 Jacques Cluzaud,主演:,2009,法国 瑞士 西班牙 美国 阿联酋,纪录片
狩猎,Jagten,9.0,98344,人言可畏,导演:托马斯·温特伯格 Thomas Vinterberg,主演:麦斯·米科尔森 Mads Mik,2012,丹麦 瑞典,剧情
摩登时代,Modern Times,9.2,72104,大时代中的人生，小人物的悲喜,导演:查理·卓别林 Charles Chaplin,主演:查理·卓别林 Charles Chaplin ,1936,美国,喜剧 剧情 爱情
燃情岁月,Legends of the Fall,8.8,136273,传奇，不是每个人都可以拥有,导演:爱德华·兹威克 Edward Zwick,主演:安东尼·霍普金斯 Anthony Hopki,1994,美国,剧情 爱情 西部 家庭
超脱,Detachment,8.7,148341,穷尽一生，我们要学会的，不过是彼此拥抱,导演:托尼·凯耶 Tony Kaye,主演:艾德里安·布洛迪 Adrien Brody / 克里,2011,美国,剧情
幸福终点站,The Terminal,8.6,202925,有时候幸福需要等一等,导演:史蒂文·斯皮尔伯格 Steven Spielberg,主演:汤姆·汉克斯 Tom Hanks,2004,美国,喜剧 剧情 爱情
电锯惊魂,Saw,8.6,176685,真相就在眼前,导演:詹姆斯·温 James Wan,主演:雷·沃纳尔 Leigh Whannell / 加利·艾,2004,美国 澳大利亚,犯罪 悬疑 惊悚
谍影重重3,The Bourne Ultimatum,8.7,158480,像吃了苏打饼一样干脆的电影,导演:保罗·格林格拉斯 Paul Greengrass,主演:马特·达蒙 Matt Damon / ,2007,美国 德国,动作 悬疑 冒险
神偷奶爸,Despicable Me,8.5,325971,Mr. I Don't Care其实也有Care的时候,导演:皮艾尔·柯芬 Pierre Coffin / 克里斯·雷纳德 Chris Renaud,主演:,2010,美国,儿童 喜剧 动画
菊次郎的夏天,菊次郎の夏,8.7,152804,从没见过那么流氓的温柔，从没见过那么温柔的流氓,导演:北野武 Takeshi Kitano,主演:北野武 Takeshi Kitano / 关口雄介 Yus,1999,日本,剧情 喜剧
虎口脱险,La grande vadrouille,8.9,95097,永远看不腻的喜剧,导演:杰拉尔·乌里 Gérard Oury,主演:路易·德·菲耐斯 Louis de Funès,1966,法国 英国,喜剧 战争
借东西的小人阿莉埃蒂,借りぐらしのアリエッティ,8.7,190619,曾经的那段美好会沉淀为一辈子的记忆,导演:米林宏昌 Hiromasa Yonebayashi,主演:志田未来 Mirai Shida / 神木,2010,日本,动画 奇幻 冒险
哈利·波特与魔法石,Harry Potter and the Sorcerer's Stone,8.6,208885,童话世界的开端,导演:Chris Columbus,主演:Daniel Radcliffe / Emma Watson / Rupert Grint,2001,美国 英国,奇幻 冒险
真爱至上,Love Actually,8.5,273137,爱，是个动词,导演:理查德·柯蒂斯 Richard Curtis,主演:休·格兰特 Hugh Grant / 柯林,2003,英国 美国,喜剧 剧情 爱情
雨人,Rain Man,8.6,187051,生活在自己的世界里，也可以让周围的人显得可笑和渺小,导演:巴瑞·莱文森 Barry Levinson,主演:达斯汀·霍夫曼 Dustin Hoffman ,1988,美国,剧情
末代皇帝,The Last Emperor,8.8,132173,“不要跟我比惨，我比你更惨”再适合这部电影不过了,导演:贝纳尔多·贝托鲁奇 Bernardo Bertolucci,主演:尊龙 John Lone / 陈,1987,意大利 中国大陆 英国 法国,剧情 传记 历史
岁月神偷,歲月神偷,8.6,274468,岁月流逝，来日可追,导演:罗启锐 Alex Law,主演:吴君如 Sandra Ng / 任达华 Simon Yam / 钟绍,2010,香港 中国大陆,剧情 家庭
贫民窟的百万富翁,Slumdog Millionaire,8.5,361013,上帝之城+猜火车+阿甘正传+开心辞典=山寨富翁,导演:丹尼·鲍尔 Danny Boyle / 洛芙琳·坦丹 Loveleen Tandan,主演:戴夫,2008,英国 美国,剧情 爱情
倩女幽魂, ,8.6,212169,两张绝世的脸,导演:程小东 Siu-Tung Ching,主演:张国荣 Leslie Cheung / 王祖贤 Joey W,1987,香港,剧情 爱情 武侠 古装
记忆碎片,Memento,8.5,243688,一个针管引发的血案,导演:Christopher Nolan,主演:Guy Pearce / Carrie-Anne Moss / Joe Pant,2000,美国,犯罪 剧情 悬疑 惊悚
疯狂原始人,The Croods,8.7,332706,老少皆宜，这就是好莱坞动画的魅力,导演:科克·德·米科 Kirk De Micco / 克里斯·桑德斯 Chris Sanders,主演,2013,美国,喜剧 动画 冒险
东邪西毒,東邪西毒,8.5,221170,电影诗,导演:王家卫 Kar Wai Wong,主演:张国荣 Leslie Cheung / 张曼玉 Maggie C,1994,香港 台湾,剧情 动作 爱情 武侠 古装
七武士,七人の侍,9.1,64570,时代悲歌,导演:黑泽明 Akira Kurosawa,主演:三船敏郎 Toshir Mifune / 志村乔 ,1954,日本,动作 冒险 剧情
穿条纹睡衣的男孩,The Boy in the Striped Pajamas,8.8,113307,尽管有些不切实际的幻想，这部电影依旧是一部感人肺腑的佳作,导演:马克·赫门 Mark Herman,主演:阿沙·巴特菲尔德 Asa Butterfield / ,2008,英国 美国,剧情 战争
怪兽电力公司,"Monsters, Inc.",8.6,205566,不要给它起名字，起了名字就有感情了,导演:彼特·道格特 Pete Docter / 大卫·斯沃曼 David Silverman,主演:约,2001,美国,喜剧 动画 儿童 奇幻
穿越时空的少女,時をかける少女,8.6,162669,爱上未来的你,导演:细田守 Mamoru Hosoda,主演:仲里依纱 Riisa Naka / 石田卓也 Takuya,2006,日本,剧情 爱情 科幻 动画
魂断蓝桥,Waterloo Bridge,8.8,115868,中国式内在的美国电影,导演:Mervyn LeRoy,主演:Vivien Leigh / Robert Taylor / Lucile Watson,1940,美国,剧情 战争 爱情
杀人回忆,살인의 추억,8.6,175739,关于连环杀人悬案的集体回忆,导演:奉俊昊 Joon-ho Bong,主演:宋康昊 Kang-ho Song / 金相庆 Sang-kyun,2003,韩国,犯罪 剧情 悬疑 惊悚
恐怖直播,더 테러 라이브,8.7,174478,恐怖分子的“秋菊打官司”,导演:金秉祐 Byeong-woo Kim,主演:河正宇 Jung-woo Ha / 李璟荣 Kyeong-y,2013,韩国,剧情 犯罪 悬疑
恋恋笔记本,The Notebook,8.5,238957,爱情没有那么多借口，如果不能圆满，只能说明爱的不够,导演:尼克·卡索维茨 Nick Cassavetes,主演:瑞恩·高斯林 Ryan Gosling /,2004,美国,剧情 爱情
消失的爱人,Gone Girl,8.7,296318, ,导演:大卫·芬奇 David Fincher,主演:本·阿弗莱克 Ben Affleck / 罗莎蒙,2014,美国,剧情 犯罪 悬疑 惊悚
猜火车,Trainspotting,8.5,216268,不可猜的青春迷笛,导演:丹尼·鲍尔 Danny Boyle,主演:伊万·麦克格雷格 Ewan McGregor / 艾,1996,英国,犯罪 剧情
卢旺达饭店,Hotel Rwanda,8.8,101698,当这个世界闭上双眼，他却敞开了怀抱,导演:特瑞·乔治 Terry George,主演:唐·钱德尔 Don Cheadle / 苏菲·奥,2004,英国 南非 意大利 美国,剧情 历史 战争
黑天鹅,Black Swan,8.5,371458,黑暗之美,导演:达伦·阿罗诺夫斯基 Darren Aronofsky,主演:娜塔丽·波曼 Natalie P,2010,美国,剧情 惊悚
红辣椒,パプリカ,8.8,102557,梦的勾结,导演:今敏 Satoshi Kon,主演:林原惠美 Megumi Hayashibara / 古谷彻 T,2006,日本,动画 悬疑 科幻 惊悚
傲慢与偏见,Pride & Prejudice,8.4,259910,爱是摈弃傲慢与偏见之后的曙光,导演:乔·怀特 Joe Wright,主演:凯拉·奈特莉 Keira Knightley / 马修·,2005,法国 英国 美国,剧情 爱情
教父3,The Godfather: Part III,8.7,111596,任何信念的力量，都无法改变命运,导演:弗朗西斯·福特·科波拉 Francis Ford Coppola,主演:阿尔·帕西诺 A,1990,美国,剧情 犯罪
英雄本色, ,8.7,125044,英雄泪短，兄弟情长,导演:吴宇森 John Woo,主演:周润发 Yun-Fat Chow / 狄龙 Lung Ti / 张国,1986,香港,动作 犯罪
完美的世界,A Perfect World,9.0,67389,坏人的好总是比好人的好来得更感人,导演:克林特·伊斯特伍德 Clint Eastwood,主演:凯文·科斯特纳 Kevin Cos,1993,美国,剧情 犯罪
玩具总动员3,Toy Story 3,8.7,174302,跨度十五年的欢乐与泪水,导演:李·昂克里奇 Lee Unkrich,主演:汤姆·汉克斯 Tom Hanks / 蒂姆·艾,2010,美国,喜剧 动画 奇幻 冒险
人工智能,Artificial Intelligence: AI,8.6,167875,对爱的执着，可以超越一切,导演:Steven Spielberg,主演:Haley Joel Osment / Frances O'Connor / Sa,2001,美国,冒险 剧情 科幻
我是山姆,I Am Sam,8.8,87960,爱并不需要智商,导演:杰茜·尼尔森 Jessie Nelson,主演:Sean Penn / Dakota Fanning / Mi,2001,美国,剧情 家庭
喜宴, ,8.7,113441,中国家庭的喜怒哀乐忍,导演:李安,主演:赵文瑄 / 归亚蕾 / 金素梅,1993,台湾 美国,剧情 喜剧 爱情 同性 家庭
纵横四海,緃横四海,8.7,120333,香港浪漫主义警匪动作片的巅峰之作,导演:吴宇森 John Woo,主演:周润发 Yun-Fat Chow / 张国荣 Leslie Cheung,1991,香港,剧情 喜剧 动作 犯罪
雨中曲,Singin' in the Rain,8.9,79268,骨灰级歌舞片,导演:Stanley Donen / Gene Kelly,主演:Gene Kelly / Donald O'Connor / ,1952,美国,喜剧 歌舞 爱情
萤火之森,蛍火の杜へ,8.8,130359,触不到的恋人,导演:大森贵弘 Takahiro Omori,主演:佐仓绫音 / 内山昂辉 Koki Uchiyama,2011,日本,剧情 爱情 动画 奇幻
秒速5厘米,秒速5センチメートル,8.4,249819,青春就是放弃和怀念,导演:新海诚 Makoto Shinkai,主演:水桥研二 Kenji Mizuhashi / 近藤好美 ,2007,日本,动画 剧情 爱情
香水,Perfume: The Story of a Murderer,8.4,242503,一个单凭体香达到高潮的男人,导演:汤姆·提克威 Tom Tykwer,主演:本·卫肖 Ben Whishaw / 艾伦·瑞克,2006,德国 法国 西班牙 美国,剧情 犯罪 奇幻
冰川时代,Ice Age,8.4,240215,松鼠才是角儿,导演:卡洛斯·沙尔丹哈 Carlos Saldanha / 克里斯·韦奇 Chris Wedge,主演,2002,美国,喜剧 动画 冒险
撞车,Crash,8.6,155692,天使与魔鬼的冲撞,导演:保罗·哈吉斯 Paul Haggis,主演:桑德拉·布洛克 Sandra Bullock / ,2004,美国 德国,犯罪 剧情
浪潮,Die Welle,8.7,110936,世界离独裁只有五天,导演:丹尼斯·甘塞尔 Dennis Gansel,主演:尤尔根·沃格尔 Jürgen Vogel ,2008,德国,剧情 惊悚
碧海蓝天,Le grand bleu,8.7,99702,在那片深蓝中，感受来自大海的忧伤寂寞与美丽自由,导演:Luc Besson,主演:Jean-Marc Barr / Jean Reno / Rosanna Arquette,1988,法国 美国 意大利,剧情 爱情
小森林 夏秋篇,リトル・フォレスト 夏・秋,8.9,96313, ,导演:森淳一 Junichi Mori,主演:桥本爱 Ai Hashimoto / 三浦贵大 Takahir,2014,日本,剧情
朗读者,The Reader,8.5,250544,当爱情跨越年龄的界限，它似乎能变得更久远一点，成为一种责任，一种水到渠成的相濡以沫,导演:史蒂芬·戴德利 Stephen Daldry,主演:凯特·温丝莱特 Kate Winslet ,2008,美国 德国,剧情 爱情
追随,Following,9.0,66142,诺兰的牛逼来源于内心散发出的恐惧,导演:克里斯托弗·诺兰 Christopher Nolan,主演:杰里米·西奥伯德 Jeremy,1998,英国,犯罪 悬疑 惊悚
喜剧之王,喜劇之王,8.4,252700,我是一个演员,导演:周星驰 Stephen Chow / 李力持 Lik-Chi Lee,主演:周星驰 Stephen Ch,1999,香港,喜剧 剧情 爱情
哈利·波特与死亡圣器(下),Harry Potter and the Deathly Hallows: Part 2,8.6,238725,10年的完美句点,导演:大卫·叶茨 David Yates,主演:丹尼尔·雷德克里夫 Daniel Radcliffe,2011,美国 英国,剧情 悬疑 奇幻 冒险
7号房的礼物,7번방의 선물,8.6,139737,《我是山姆》的《美丽人生》,导演:李焕庆 Hwan-kyeong Lee,主演:柳承龙 Seung-yong Ryoo / 朴信惠 Shi,2013,韩国,剧情 喜剧 家庭
可可西里, ,8.6,113324,坚硬的信仰,导演:陆川 Chuan Lu,主演:多布杰 Duobujie / 张磊 Lei Zhang / 亓亮 Qi L,2004,中国大陆 香港,剧情
战争之王,Lord of War,8.5,153923,做一颗让别人需要你的棋子,导演:安德鲁·尼科尔 Andrew Niccol,主演:尼古拉斯·凯奇 Nicolas Cage /,2005,美国 法国,剧情 犯罪
梦之安魂曲,Requiem for a Dream,8.7,94440,一场没有春天的噩梦,导演:达伦·阿伦诺夫斯基 Darren Aronofsky,主演:艾伦·伯斯汀 Ellen Bur,2000,美国,剧情
海盗电台,The Boat That Rocked,8.6,152286,生命不止，摇滚不死,导演:理查德·柯蒂斯 Richard Curtis,主演:比尔·奈伊 Bill Nighy / 肯尼,2009,英国 德国 法国,剧情 喜剧 音乐
罗生门,羅生門,8.7,103612,人生的N种可能性,导演:黑泽明 Akira Kurosawa,主演:三船敏郎 Toshir Mifune / 千秋实 ,1950,日本,犯罪 剧情 悬疑
花样年华,花樣年華,8.4,205347,偷情本没有这样美,导演:王家卫 Kar Wai Wong,主演:梁朝伟 Tony Leung Chiu Wai / 张曼玉 Ma,2000,香港 法国,剧情 爱情
一次别离,جدایی نادر از سیمین,8.7,113686,只有有信仰的人才能说出事实真相,导演:阿斯哈·法哈蒂  Asghar Farhadi,主演:蕾拉·哈塔米 Leila Hatami /,2011,伊朗,剧情 家庭
迁徙的鸟,Le peuple migrateur,9.1,47514,最美的飞翔,导演:雅克·贝汉 Jacques Perrin / 雅克·克鲁奥德 Jacques Cluzaud,主演:,2001,法国 德国 意大利 西班牙 瑞士,纪录片
谍影重重,The Bourne Identity,8.5,168406,哗啦啦啦啦，天在下雨，哗啦啦啦啦，云在哭泣……找自己,导演:道格·里曼 Doug Liman,主演:马特·达蒙 Matt Damon / 弗兰卡·波坦,2002,美国 德国 捷克,动作 悬疑 冒险
谍影重重2,The Bourne Supremacy,8.5,138031,谁说王家卫镜头很晃？,导演:保罗·格林格拉斯 Paul Greengrass,主演:马特·达蒙 Matt Damon / ,2004,美国 德国,动作 悬疑 冒险
荒野生存,Into the Wild,8.6,112356,出门必备：本草纲目,导演:西恩·潘 Sean Penn,主演:埃米尔·赫斯基 Emile Hirsch / 马西娅·,2007,美国,冒险 传记 剧情
心迷宫, ,8.6,121045, ,导演:忻钰坤 Yukun Xin,主演:霍卫民 Weimin Huo / 王笑天 Xiaotian Wang ,2014,中国大陆,剧情 犯罪 悬疑
唐伯虎点秋香,唐伯虎點秋香,8.3,264179,华太师是黄霑，吴镇宇四大才子之一,导演:李力持 Lik-Chi Lee,主演:周星驰 Stephen Chow / 巩俐 Li Gong / 陈,1993,香港,喜剧 爱情 古装
地球上的星星,Taare Zameen Par,8.8,66363,天使保护事件始末,导演:阿米尔·汗 Aamir Khan / 阿莫尔·古普特 Amole Gupte,主演:达席尔,2007,印度,剧情 儿童 家庭
勇闯夺命岛,The Rock,8.5,125122,类型片的极致,导演:迈克尔·贝 Michael Bay,主演:肖恩·康纳利 Sean Connery / 尼古拉,1996,美国,动作 冒险
燕尾蝶,スワロウテイル,8.6,98095,现实与童话交相辉映的旅程,导演:岩井俊二 Shunji Iwai,主演:三上博史 / 恰拉 / 伊藤步,1996,日本,犯罪 剧情
绿里奇迹,The Green Mile,8.7,90727,天使暂时离开,导演:Frank Darabont,主演:汤姆·汉克斯 Tom Hanks / 大卫·摩斯 David M,1999,美国,犯罪 剧情 奇幻 悬疑
超能陆战队,Big Hero 6,8.6,314276, ,导演:唐·霍尔 Don Hall / 克里斯·威廉姆斯 Chris Williams,主演:斯科特,2014,美国,喜剧 动作 科幻 动画 冒险
阿飞正传,阿飛正傳,8.5,149457,王家卫是一种风格，张国荣是一个代表,导演:王家卫 Kar Wai Wong,主演:张国荣 Leslie Cheung / 张曼玉 Maggie C,1990,香港,犯罪 剧情 爱情
时空恋旅人,About Time,8.6,158272,把每天当作最后一天般珍惜度过，积极拥抱生活，就是幸福,导演:理查德·柯蒂斯 Richard Curtis,主演:多姆纳尔·格利森 Domhnall Gl,2013,英国,剧情 爱情 奇幻
卡萨布兰卡,Casablanca,8.6,108023,与同名歌曲无关,导演:Michael Curtiz,主演:亨弗莱·鲍嘉 Humphrey Bogart / 英格丽·褒曼,1942,美国,剧情 爱情 战争
英国病人,The English Patient,8.4,157936,"In memory, love lives forever...",导演:安东尼·明格拉 Anthony Minghella,主演:拉尔夫·费因斯 Ralph Fien,1996,美国 英国,爱情 剧情 战争
蝙蝠侠：黑暗骑士崛起,The Dark Knight Rises,8.5,258498,诺兰就是保证,导演:克里斯托弗·诺兰 Christopher Nolan,主演:克里斯蒂安·贝尔 Christ,2012,美国 英国,剧情 动作 科幻 犯罪 惊悚
惊魂记,Psycho,8.8,68282,故事的反转与反转，分裂电影的始祖,导演:Alfred Hitchcock,主演:Janet Leigh / Anthony Perkins / Vera Miles,1960,美国,悬疑 恐怖
恐怖游轮,Triangle,8.3,261000,不要企图在重复中寻找已经失去的爱,导演:克里斯托弗·史密斯 Christopher Smith,主演:梅利莎·乔治 Melissa ,2009,英国 澳大利亚,剧情 悬疑 惊悚
变脸,Face/Off,8.4,189714,当发哥的风衣、墨镜出现在了凯奇身上⋯⋯,导演:吴宇森 John Woo,主演:约翰·特拉沃尔塔 John Travolta / 尼古拉斯,1997,美国,动作 科幻 犯罪
魔女宅急便,魔女の宅急便,8.4,164834,宫崎骏的电影总让人感觉世界是美好的，阳光明媚的,导演:宫崎骏 Hayao Miyazaki,主演:高山南 / 佐久间玲 / 山口胜平,1989,日本,动画 奇幻 冒险
叫我第一名,Front of the Class,8.6,95123,乐观比一切都有力量,导演:彼得·维纳 Peter Werner,主演:詹姆斯·沃克 James Wolk / 特里特·,2008,美国,剧情 传记
这个男人来自地球,The Man from Earth,8.5,149324,科幻真正的魅力不是视觉效果能取代的,导演:理查德·沙因克曼 Richard Schenkman,主演:大卫·李·史密斯 David ,2007,美国,剧情 科幻
E.T. 外星人,E.T.: The Extra-Terrestrial,8.5,132685,生病的E.T.皮肤的颜色就像柿子饼,导演:Steven Spielberg,主演:Henry Thomas / Dee Wallace / Robert MacNa,1982,美国,剧情 科幻 奇幻 冒险
再次出发之纽约遇见你,Begin Again,8.5,133598,爱我就给我看你的播放列表,导演:约翰·卡尼 John Carney,主演:凯拉·奈特莉 Keira Knightley / 马克,2013,美国,喜剧 爱情 音乐
穆赫兰道,Mulholland Dr.,8.3,200665,大卫·林奇的梦境迷宫,导演:大卫·林奇 David Lynch,主演:娜奥米·沃茨 Naomi Watts / 劳拉·哈,2001,法国 美国,剧情 悬疑 惊悚
荒蛮故事,Relatos salvajes,8.7,100196, ,导演:Damián Szifron,主演:里卡杜·达林 Ricardo Darín / 艾丽卡·里瓦,2014,阿根廷 西班牙,剧情 喜剧 犯罪
终结者2：审判日,Terminator 2: Judgment Day,8.5,122534,少见的超越首部的续集，动作片中的经典,导演:詹姆斯·卡梅隆 James Cameron,主演:阿诺·施瓦辛格 Arnold Schwarz,1991,美国 法国,动作 科幻
东京物语,東京物語,9.2,40735,东京那么大，如果有一天走失了，恐怕一辈子不能再相见,导演:小津安二郎 Yasujir Ozu,主演:笠智众 Chish Ry / 原节,1953,日本,剧情 家庭
发条橙,A Clockwork Orange,8.4,163131,我完全康复了,导演:Stanley Kubrick,主演:Malcolm McDowell / Patrick Magee / Michael,1971,英国 美国,犯罪 剧情 科幻
非常嫌疑犯,The Usual Suspects,8.6,99589,我不信仰上帝，但我敬畏上帝,导演:布莱恩·辛格 Bryan Singer,主演:史蒂芬·鲍德温 Stephen Baldwin /,1995,德国 美国,剧情 犯罪 悬疑 惊悚
达拉斯买家俱乐部,Dallas Buyers Club,8.6,140147,Jared Leto的腿比女人还美！,导演:让-马克·瓦雷 Jean-Marc Vallée,主演:马修·麦康纳 Matthew McCon,2013,美国,剧情 传记 同性
末路狂花,Thelma & Louise,8.7,86745,没有了退路，只好飞向自由,导演:雷德利·斯科特 Ridley Scott,主演:吉娜·戴维斯 Geena Davis / 苏,1991,美国 法国,犯罪 剧情 惊悚
哪吒闹海, ,8.8,67399,想你时你在闹海,导演:严定宪 Dingxian Yan / 王树忱 Shuchen Wang,主演:梁正晖 / 邱岳峰 ,1979,中国大陆,冒险 动画 奇幻
被解救的姜戈,Django Unchained,8.5,228471,热血沸腾，那个低俗、性感的无耻混蛋又来了,导演:昆汀·塔伦蒂诺 Quentin Tarantino,主演:杰米·福克斯 Jamie Foxx /,2012,美国,剧情 动作 西部 冒险
忠犬八公物语,ハチ公物語,9.0,44154,养狗三日，便会对你终其一生,导演:Seijir Kyama,主演:山本圭 Kei Yamamoto / 井川比佐志 Hisa,1987,日本,剧情
美国丽人,American Beauty,8.4,161556,每个人的内心都是深不可测的大海,导演:萨姆·门德斯 Sam Mendes,主演:凯文·史佩西 Kevin Spacey / 安妮特,1999,美国,剧情 家庭
源代码,Source Code,8.3,362007,邓肯·琼斯继《月球》之后再度奉献出一部精彩绝伦的科幻佳作,导演:邓肯·琼斯 Duncan Jones,主演:杰克·吉伦哈尔 Jake Gyllenhaal / ,2011,美国 加拿大,剧情 动作 科幻 犯罪 惊悚
牯岭街少年杀人事件,牯嶺街少年殺人事件,8.7,84680,弱者送给弱者的一刀,导演:杨德昌 Edward Yang,主演:张震 Chen Chang / 杨静怡 Lisa Yang / 张,1991,台湾,剧情 犯罪
上帝也疯狂,The Gods Must Be Crazy,8.6,84099,纯净原始的笑与感动,导演:Jamie Uys,主演:Marius Weyers / Sandra Prinsloo / N!xau,1980,博茨瓦纳 南非,喜剧
黑客帝国3：矩阵革命,The Matrix Revolutions,8.5,131870,不得不说，《黑客帝国》系列是商业片与科幻、哲学完美结合的典范,导演:Andy Wachowski / Larry Wachowski,主演:Keanu Reeves / Laurence F,2003,美国 澳大利亚,动作 科幻
新龙门客栈,新龍門客棧,8.4,157361,嬉笑怒骂，调风动月,导演:李惠民 Raymond Lee,主演:张曼玉 Maggie Cheung / 林青霞 Brigitte ,1992,香港 中国大陆,剧情 动作 武侠 古装
黄金三镖客,"Il buono, il brutto, il cattivo.",9.1,42161,最棒的西部片,导演:Sergio Leone,主演:Clint Eastwood / Eli Wallach / Lee Van Cleef,1966,意大利 西班牙 西德,冒险 西部
青蛇, ,8.3,186225,人生如此，浮生如斯谁人言，花彼岸，此生情长意短谁都是不懂爱的罢了,导演:徐克 Hark Tsui,主演:张曼玉 Maggie Cheung / 王祖贤 Joey Wang / ,1993,香港,剧情 奇幻 古装
曾经,Once,8.3,181904,有些幸福无关爱情,导演:约翰·卡尼 John Carney,主演:格伦·汉塞德 Glen Hansard / 玛可塔,2006,爱尔兰,剧情 音乐 爱情
爱·回家,집으로...,9.1,40816,献给所有外婆的电影,导演:李廷香 Jeong-hyang Lee,主演:金艺芬 Eul-boon Kim / 俞承豪 Seung-,2002,韩国,剧情 儿童 家庭
蓝色大门,藍色大門,8.2,245265,青春的窃窃私语,导演:易智言 Chih-yen Yee,主演:桂纶镁 Lunmei Kwai / 陈柏霖 Bo-lin Che,2002,台湾 法国,剧情 爱情 同性
勇士,Warrior,8.9,76695,热血沸腾，相当完美的娱乐拳击大餐,导演:加文·欧康诺 Gavin O'Connor,主演:汤姆·哈迪 Tom Hardy / 乔尔·,2011,美国,剧情 运动 家庭
初恋这件小事,สิ่งเล็กเล็กที่เรียกว่า...รัก,8.3,400831,黑小鸭速效美白记,导演:Puttipong Promsaka Na Sakolnakorn / Wasin pokpong,主演:马里奥·,2010,泰国,喜剧 爱情
未麻的部屋,Perfect Blue,8.8,68535,好的剧本是，就算你猜到了结局也猜不到全部,导演:今敏 Satoshi Kon,主演:岩男润子 Junko Iwao / 松本梨香 Rica Matsu,1997,日本,动画 奇幻 惊悚
无耻混蛋,Inglourious Basterds,8.4,195145,昆汀同学越来越变态了，比北野武还杜琪峰,导演:Quentin Tarantino,主演:布拉德·皮特 Brad Pitt / 梅拉尼·罗兰 M,2009,美国 德国,剧情 犯罪
小森林 冬春篇,リトル・フォレスト 冬・春,8.9,82155, ,导演:森淳一 Junichi Mori,主演:桥本爱 Ai Hashimoto / 三浦贵大 Takahir,2015,日本,剧情
蝴蝶,Le Papillon,8.6,86860,我们长途跋涉寻找的东西，有可能一直就在身边,导演:菲利普·穆伊尔 Philippe Muyl,主演:米歇尔·塞罗 Michel Serrault ,2002,法国,剧情 儿童 喜剧
城市之光,City Lights,9.2,34673,永远的小人物，伟大的卓别林,导演:Charles Chaplin,主演:查理·卓别林 Charles Chaplin / 弗吉尼亚·,1931,美国,喜剧 剧情 爱情
暖暖内含光,Eternal Sunshine of the Spotless Mind,8.4,127057,恋爱是一次神经的冒险就算失去记忆，也会爱上你,导演:米歇尔·冈瑞 Michel Gondry,主演:金·凯瑞 Jim Carrey / 凯特·温,2004,美国,剧情 爱情 奇幻
麦兜故事,麥兜故事,8.5,113668,麦兜是一只很哲学的猪,导演:袁建滔 Toe Yuen,主演:李晋纬 / 林海峰 Jan Lamb / 吴君如 Sandra Ng,2001,香港,剧情 喜剧 动画
两小无猜,Jeux d'enfants,8.2,288126,"Love me, if you dare.",导演:杨·塞谬尔 Yann Samuell,主演:吉约姆·卡内 Guillaume Canet / 玛,2003,法国 比利时,喜剧 剧情 爱情
与狼共舞,Dances with Wolves,8.9,50374,充满诗意与情怀的史诗作品,导演:Kevin Costner,主演:Kevin Costner / Mary McDonnell / Graham Greene,1990,美国,冒险 剧情 西部
巴黎淘气帮,Le petit Nicolas,8.6,95754,四百击的反面,导演:Laurent Tirard,主演:马克西姆·戈达尔 Maxime Godart / 瓦莱丽·勒,2009,法国 比利时,儿童 喜剧 家庭
爆裂鼓手,Whiplash,8.6,188393, ,导演:达米安·沙泽勒 Damien Chazelle,主演:迈尔斯·特勒 Miles Teller /,2014,美国,剧情 音乐
无敌破坏王,Wreck-It Ralph,8.7,163781,迪士尼和皮克斯拿错剧本的产物,导演:瑞奇·莫尔 Rich Moore,主演:简·林奇 Jane Lynch / 约翰·C·赖利 ,2012,美国,喜剧 动画 冒险
夜访吸血鬼,Interview with the Vampire: The Vampire Chronicles,8.3,176187,弥漫淡淡血腥气的优雅,导演:尼尔·乔丹 Neil Jordan,主演:布拉德·皮特 Brad Pitt / 汤姆·克鲁,1994,美国,剧情 奇幻 惊悚
爱在暹罗,รักแห่งสยาม,8.3,201345,把爱放在心底，有爱就有希望,导演:楚克萨克瑞科 Chukiat Sakveerakul,主演:维特维斯特·海伦亚沃,2007,泰国,剧情 爱情 同性 家庭
遗愿清单,The Bucket List,8.5,106639,用剩余不多的时间，去燃烧整个生命,导演:罗伯·莱纳 Rob Reiner,主演:杰克·尼科尔森 Jack Nicholson / 摩根,2007,美国,冒险 喜剧 剧情
中央车站,Central do Brasil,8.7,69157,心灵救赎,导演:Walter Salles,主演:Fernanda Montenegro / Marília Pêra / Viní,1998,巴西 法国,剧情
偷拐抢骗,Snatch,8.5,101447,典型盖·里奇式的英国黑色幽默黑帮片,导演:盖·里奇 Guy Ritchie,主演:布拉德·皮特 Brad Pitt / 本尼西奥·德,2000,英国 美国,喜剧 犯罪
大卫·戈尔的一生,The Life of David Gale,8.7,70974,捍卫人权只是信仰，一点不妨碍其行为的残忍,导演:Alan Parker,主演:凯文·史派西 Kevin Spacey / 凯特·温丝莱特 Kat,2003,美国 德国 英国,剧情 犯罪 悬疑
国王的演讲,The King's Speech,8.3,297440,皇上无话儿,导演:汤姆·霍珀 Tom Hooper,主演:柯林·菲尔斯 Colin Firth / 杰弗里·,2010,英国 澳大利亚 美国,剧情 传记 历史
血钻,Blood Diamond,8.5,109804,每个美丽事物背后都是滴血的现实,导演:Edward Zwick,主演:Leonardo DiCaprio / Jennifer Connelly / Djimo,2006,美国 德国,剧情 惊悚 冒险
罪恶之城,Sin City,8.4,127328,权力不是来自枪和子弹，权力来自谎言,导演:弗兰克·米勒 Frank Miller / 罗伯特·罗德里格兹 Robert Rodriguez, ,2005,美国,动作 犯罪 惊悚
荒岛余生,Cast Away,8.4,113327,一个人的独角戏,导演:罗伯特·泽米吉斯 Robert Zemeckis,主演:汤姆·汉克斯 Tom Hanks / ,2000,美国,冒险 剧情
月球,Moon,8.5,122677,2009媲美《第九区》的又一部科幻神作,导演:邓肯·琼斯 Duncan Jones,主演:山姆·洛克威尔 Sam Rockwell / 凯文,2009,英国,剧情 科幻 悬疑
寿司之神,Jiro Dreams of Sushi,8.8,68526,仪式主义的狂欢，偏执狂的完胜,导演:大卫·贾柏 David Gelb,主演:小野二郎  Jiro Ono / 小野祯一 Yoshik,2011,美国,纪录片
千钧一发,Gattaca,8.7,68421,一部能引人思考的科幻励志片,导演:安德鲁·尼科尔 Andrew Niccol,主演:伊桑·霍克 Ethan Hawke / 乌玛,1997,美国,剧情 科幻
枪火,鎗火,8.6,81687,一群演技精湛的戏骨，奉献出一个精致的黑帮小品，成就杜琪峰群戏的巅峰之作,导演:杜琪峰 Johnnie To,主演:吴镇宇 Francis Ng / 任达华 Simon Yam / ,1999,香港,剧情 动作 犯罪
疯狂的石头, ,8.2,261386,中国版《两杆大烟枪》,导演:宁浩 Hao Ning,主演:郭涛 Tao Guo / 刘桦 Hua Liu / 连晋 Teddy Lin,2006,中国大陆 香港,喜剧 犯罪
我爱你,그대를 사랑합니다,9.0,45526,你要相信，这世上真的有爱存在，不管在什么年纪,导演:秋昌民 Chang-min Choo,主演:宋在河 Jae-ho Song / 李顺载 Soon-jae,2011,韩国,剧情 爱情
廊桥遗梦,The Bridges of Madison County,8.5,82535,这样确切的爱，一生只有一次,导演:Clint Eastwood,主演:Clint Eastwood / Meryl Streep / Annie Corley,1995,美国,剧情 爱情
角斗士,Gladiator,8.4,114240,罗马斗兽场的鸦雀无声，久久停留在这样的肃穆中,导演:Ridley Scott,主演:Russell Crowe / Joaquin Phoenix / Connie Nielsen,2000,英国 美国,剧情 动作 历史 冒险
导盲犬小Q,クイール,8.4,107801,宠物的意义在于化解人的孤独,导演:崔洋一 Yoichi Sai,主演:小林薰 / 椎名桔平 / 香川照之,2004,日本,剧情
假如爱有天意,클래식,8.2,199566,琼瑶阿姨在韩国的深刻版,导演:郭在容 Jae-young Kwak,主演:孙艺珍 Ye-jin Son / 曹承佑 Seung-woo,2003,韩国,剧情 爱情
不一样的天空,What's Eating Gilbert Grape,8.6,73042,生命有裂缝，阳光才照得进来,导演:莱塞·霍尔斯道姆 Lasse Hallstrm,主演:约翰尼·德普 Johnny De,1993,美国,剧情 爱情 家庭
速度与激情5,Fast Five,8.4,195530,爆米花动作电影新标杆,导演:林诣彬 Justin Lin,主演:范·迪塞尔 Vin Diesel / 保罗·沃克 Paul ,2011,美国,动作 犯罪 剧情 惊悚
我们俩, ,8.6,66366,想外婆了，有没有？！,导演:马俪文 Liwen Ma,主演:宫哲 Zhe Gong / 金雅琴 Yaqin Jin / 罗忠学 ,2005,中国大陆,剧情
